detector,block,start,end,retained_fraction,detector_seconds
energy_0.01,silence,0.0,5.0,0.0,0.006276916999999882
energy_0.01,clean_speech,5.0,12.01,0.8644793152639088,0.006276916999999882
energy_0.01,silence,12.01,14.01,0.0,0.006276916999999882
energy_0.01,quiet_speech,14.01,19.32,0.062146892655367235,0.006276916999999882
energy_0.01,noise,19.32,26.32,1.0,0.006276916999999882
energy_0.01,speech_noise,26.32,39.65,1.0,0.006276916999999882
energy_0.01,silence,39.65,44.65,0.002,0.006276916999999882
energy_0.03,silence,0.0,5.0,0.0,0.006416624999999954
energy_0.03,clean_speech,5.0,12.01,0.7746077032810271,0.006416624999999954
energy_0.03,silence,12.01,14.01,0.0,0.006416624999999954
energy_0.03,quiet_speech,14.01,19.32,0.0,0.006416624999999954
energy_0.03,noise,19.32,26.32,0.0014285714285714286,0.006416624999999954
energy_0.03,speech_noise,26.32,39.65,1.0,0.006416624999999954
energy_0.03,silence,39.65,44.65,0.002,0.006416624999999954
energy_0.05,silence,0.0,5.0,0.0,0.006312333000000114
energy_0.05,clean_speech,5.0,12.01,0.5991440798858774,0.006312333000000114
energy_0.05,silence,12.01,14.01,0.0,0.006312333000000114
energy_0.05,quiet_speech,14.01,19.32,0.0,0.006312333000000114
energy_0.05,noise,19.32,26.32,0.0,0.006312333000000114
energy_0.05,speech_noise,26.32,39.65,0.722430607651913,0.006312333000000114
energy_0.05,silence,39.65,44.65,0.0,0.006312333000000114
silero,silence,0.0,5.0,0.0,0.15467166700000012
silero,clean_speech,5.0,12.01,0.9326676176890157,0.15467166700000012
silero,silence,12.01,14.01,0.011,0.15467166700000012
silero,quiet_speech,14.01,19.32,0.9988700564971752,0.15467166700000012
silero,noise,19.32,26.32,0.06971428571428571,0.15467166700000012
silero,speech_noise,26.32,39.65,0.9314328582145537,0.15467166700000012
silero,silence,39.65,44.65,0.0,0.15467166700000012
