start,end,time,rms,result
0,480,0.0,0.0,silence
480,960,0.03,0.0,silence
960,1440,0.06,0.0,silence
1440,1920,0.09,0.0,silence
1920,2400,0.12,0.0,silence
2400,2880,0.15,0.0,silence
2880,3360,0.18,0.0,silence
3360,3840,0.21,0.0,silence
3840,4320,0.24,0.0,silence
4320,4800,0.27,0.0,silence
4800,5280,0.3,0.0,silence
5280,5760,0.33,0.0,silence
5760,6240,0.36,0.0,silence
6240,6720,0.39,0.0,silence
6720,7200,0.42,0.0,silence
7200,7680,0.45,0.0,silence
7680,8160,0.48,0.0,silence
8160,8640,0.51,0.0,silence
8640,9120,0.54,0.0,silence
9120,9600,0.57,0.0,silence
9600,10080,0.6,0.0,silence
10080,10560,0.63,0.0,silence
10560,11040,0.66,0.0,silence
11040,11520,0.69,0.0,silence
11520,12000,0.72,0.0,silence
12000,12480,0.75,0.0,silence
12480,12960,0.78,0.0,silence
12960,13440,0.81,0.0,silence
13440,13920,0.84,0.0,silence
13920,14400,0.87,0.0,silence
14400,14880,0.9,0.0,silence
14880,15360,0.93,0.0,silence
15360,15840,0.96,0.0,silence
15840,16320,0.99,0.0,silence
16320,16800,1.02,0.0,silence
16800,17280,1.05,0.0,silence
17280,17760,1.08,0.0,silence
17760,18240,1.11,0.0,silence
18240,18720,1.14,0.0,silence
18720,19200,1.17,0.0,silence
19200,19680,1.2,0.0,silence
19680,20160,1.23,0.0,silence
20160,20640,1.26,0.0,silence
20640,21120,1.29,0.0,silence
21120,21600,1.32,0.0,silence
21600,22080,1.35,0.0,silence
22080,22560,1.38,0.0,silence
22560,23040,1.41,0.0,silence
23040,23520,1.44,0.0,silence
23520,24000,1.47,0.0,silence
24000,24480,1.5,0.0,silence
24480,24960,1.53,0.0,silence
24960,25440,1.56,0.0,silence
25440,25920,1.59,0.0,silence
25920,26400,1.62,0.0,silence
26400,26880,1.65,0.0,silence
26880,27360,1.68,0.0,silence
27360,27840,1.71,0.0,silence
27840,28320,1.74,0.0,silence
28320,28800,1.77,0.0,silence
28800,29280,1.8,0.0,silence
29280,29760,1.83,0.0,silence
29760,30240,1.86,0.0,silence
30240,30720,1.89,0.0,silence
30720,31200,1.92,0.0,silence
31200,31680,1.95,0.0,silence
31680,32160,1.98,0.0,silence
32160,32640,2.01,0.0,silence
32640,33120,2.04,0.0,silence
33120,33600,2.07,0.0,silence
33600,34080,2.1,0.0,silence
34080,34560,2.13,0.0,silence
34560,35040,2.16,0.0,silence
35040,35520,2.19,0.0,silence
35520,36000,2.22,0.0,silence
36000,36480,2.25,0.0,silence
36480,36960,2.28,0.0,silence
36960,37440,2.31,0.0,silence
37440,37920,2.34,0.0,silence
37920,38400,2.37,0.0,silence
38400,38880,2.4,0.0,silence
38880,39360,2.43,0.0,silence
39360,39840,2.46,0.0,silence
39840,40320,2.49,0.0,silence
40320,40800,2.52,0.0,silence
40800,41280,2.55,0.0,silence
41280,41760,2.58,0.0,silence
41760,42240,2.61,0.0,silence
42240,42720,2.64,0.0,silence
42720,43200,2.67,0.0,silence
43200,43680,2.7,0.0,silence
43680,44160,2.73,0.0,silence
44160,44640,2.76,0.0,silence
44640,45120,2.79,0.0,silence
45120,45600,2.82,0.0,silence
45600,46080,2.85,0.0,silence
46080,46560,2.88,0.0,silence
46560,47040,2.91,0.0,silence
47040,47520,2.94,0.0,silence
47520,48000,2.97,0.0,silence
48000,48480,3.0,0.0,silence
48480,48960,3.03,0.0,silence
48960,49440,3.06,0.0,silence
49440,49920,3.09,0.0,silence
49920,50400,3.12,0.0,silence
50400,50880,3.15,0.0,silence
50880,51360,3.18,0.0,silence
51360,51840,3.21,0.0,silence
51840,52320,3.24,0.0,silence
52320,52800,3.27,0.0,silence
52800,53280,3.3,0.0,silence
53280,53760,3.33,0.0,silence
53760,54240,3.36,0.0,silence
54240,54720,3.39,0.0,silence
54720,55200,3.42,0.0,silence
55200,55680,3.45,0.0,silence
55680,56160,3.48,0.0,silence
56160,56640,3.51,0.0,silence
56640,57120,3.54,0.0,silence
57120,57600,3.57,0.0,silence
57600,58080,3.6,0.0,silence
58080,58560,3.63,0.0,silence
58560,59040,3.66,0.0,silence
59040,59520,3.69,0.0,silence
59520,60000,3.72,0.0,silence
60000,60480,3.75,0.0,silence
60480,60960,3.78,0.0,silence
60960,61440,3.81,0.0,silence
61440,61920,3.84,0.0,silence
61920,62400,3.87,0.0,silence
62400,62880,3.9,0.0,silence
62880,63360,3.93,0.0,silence
63360,63840,3.96,0.0,silence
63840,64320,3.99,0.0,silence
64320,64800,4.02,0.0,silence
64800,65280,4.05,0.0,silence
65280,65760,4.08,0.0,silence
65760,66240,4.11,0.0,silence
66240,66720,4.14,0.0,silence
66720,67200,4.17,0.0,silence
67200,67680,4.2,0.0,silence
67680,68160,4.23,0.0,silence
68160,68640,4.26,0.0,silence
68640,69120,4.29,0.0,silence
69120,69600,4.32,0.0,silence
69600,70080,4.35,0.0,silence
70080,70560,4.38,0.0,silence
70560,71040,4.41,0.0,silence
71040,71520,4.44,0.0,silence
71520,72000,4.47,0.0,silence
72000,72480,4.5,0.0,silence
72480,72960,4.53,0.0,silence
72960,73440,4.56,0.0,silence
73440,73920,4.59,0.0,silence
73920,74400,4.62,0.0,silence
74400,74880,4.65,0.0,silence
74880,75360,4.68,0.0,silence
75360,75840,4.71,0.0,silence
75840,76320,4.74,0.0,silence
76320,76800,4.77,0.0,silence
76800,77280,4.8,0.0,silence
77280,77760,4.83,0.0,silence
77760,78240,4.86,0.0,silence
78240,78720,4.89,0.0,silence
78720,79200,4.92,0.0,silence
79200,79680,4.95,0.0,silence
79680,80160,4.98,0.0008046630459066538,silence
80160,80640,5.01,0.0025997863875734627,silence
80640,81120,5.04,0.011887115578186358,silence
81120,81600,5.07,0.01924586417934739,silence
81600,82080,5.1,0.1335354903146255,speech
82080,82560,5.13,0.14053813295563966,speech
82560,83040,5.16,0.09266486019397505,speech
83040,83520,5.19,0.056407064471364676,speech
83520,84000,5.22,0.04215663885195008,silence
84000,84480,5.25,0.050778825905296504,speech
84480,84960,5.28,0.13713354582751122,speech
84960,85440,5.31,0.15063956234753606,speech
85440,85920,5.34,0.11270656047145686,speech
85920,86400,5.37,0.034547837970146995,silence
86400,86880,5.4,0.06258777597404169,speech
86880,87360,5.43,0.10531561475619101,speech
87360,87840,5.46,0.21854346337131392,speech
87840,88320,5.49,0.21201126091939287,speech
88320,88800,5.52,0.14131592089591266,speech
88800,89280,5.55,0.05751963350543835,speech
89280,89760,5.58,0.06865729621428529,speech
89760,90240,5.61,0.12060090507143231,speech
90240,90720,5.64,0.12796968287303132,speech
90720,91200,5.67,0.09511238943762337,speech
91200,91680,5.7,0.0884138737683262,speech
91680,92160,5.73,0.06914161011408045,speech
92160,92640,5.76,0.05518829503051835,speech
92640,93120,5.79,0.05420132951879166,speech
93120,93600,5.82,0.08270553885244225,speech
93600,94080,5.85,0.08417804582317849,speech
94080,94560,5.88,0.09352798447081255,speech
94560,95040,5.91,0.09009923218500643,speech
95040,95520,5.94,0.10914089921558108,speech
95520,96000,5.97,0.08042927358834075,speech
96000,96480,6.0,0.03590130432267704,silence
96480,96960,6.03,0.003504066650911002,silence
96960,97440,6.06,0.00230651625314897,silence
97440,97920,6.09,0.0025341368238564047,silence
97920,98400,6.12,0.030578944781214003,silence
98400,98880,6.15,0.13623665550043337,speech
98880,99360,6.18,0.20958901108069733,speech
99360,99840,6.21,0.18720405119199882,speech
99840,100320,6.24,0.09272780090659632,speech
100320,100800,6.27,0.15839539120421436,speech
100800,101280,6.3,0.2833952508011541,speech
101280,101760,6.33,0.23536219255047586,speech
101760,102240,6.36,0.1460551781915311,speech
102240,102720,6.39,0.10370632419432621,speech
102720,103200,6.42,0.043309389481137626,silence
103200,103680,6.45,0.029105309290795335,silence
103680,104160,6.48,0.06304224812627511,speech
104160,104640,6.51,0.10327042235473924,speech
104640,105120,6.54,0.11211838779111434,speech
105120,105600,6.57,0.07568477324622902,speech
105600,106080,6.6,0.10228848531922868,speech
106080,106560,6.63,0.09447991844675373,speech
106560,107040,6.66,0.07740797903452798,speech
107040,107520,6.69,0.06355684305290704,speech
107520,108000,6.72,0.046021888511513634,silence
108000,108480,6.75,0.028975554471619553,silence
108480,108960,6.78,0.047275528981776546,silence
108960,109440,6.81,0.09515626711276276,speech
109440,109920,6.84,0.09996366146394137,speech
109920,110400,6.87,0.1086478205283972,speech
110400,110880,6.9,0.10766765492496734,speech
110880,111360,6.93,0.07303375675220197,speech
111360,111840,6.96,0.05158227951467198,speech
111840,112320,6.99,0.07511739235093516,speech
112320,112800,7.02,0.10743291411610047,speech
112800,113280,7.05,0.06466669734024524,speech
113280,113760,7.08,0.03429848286526435,silence
113760,114240,7.11,0.039221823864620316,silence
114240,114720,7.14,0.06471497180954776,speech
114720,115200,7.17,0.09456875447041667,speech
115200,115680,7.2,0.07166709550556952,speech
115680,116160,7.23,0.05893538282290458,speech
116160,116640,7.26,0.058427963077730474,speech
116640,117120,7.29,0.04342523761946694,silence
117120,117600,7.32,0.038018163060345236,silence
117600,118080,7.35,0.039369571329657196,silence
118080,118560,7.38,0.051935062272614844,speech
118560,119040,7.41,0.07313211278429042,speech
119040,119520,7.44,0.09273581479174271,speech
119520,120000,7.47,0.0885704963299517,speech
120000,120480,7.5,0.0781211679234046,speech
120480,120960,7.53,0.03448741582690277,silence
120960,121440,7.56,0.037569321729838095,silence
121440,121920,7.59,0.0383334534468974,silence
121920,122400,7.62,0.01991217416378904,silence
122400,122880,7.65,0.010281302169814311,silence
122880,123360,7.68,0.0033479202527885226,silence
123360,123840,7.71,0.0031277344705579985,silence
123840,124320,7.74,0.035384150210844866,silence
124320,124800,7.77,0.09884255428021692,speech
124800,125280,7.8,0.1255081995260463,speech
125280,125760,7.83,0.10365554318338538,speech
125760,126240,7.86,0.045487855208984074,silence
126240,126720,7.89,0.011719190072697595,silence
126720,127200,7.92,0.044863108168883836,silence
127200,127680,7.95,0.08476148501068724,speech
127680,128160,7.98,0.12487385825682411,speech
128160,128640,8.01,0.1420297350728268,speech
128640,129120,8.04,0.1160397826372579,speech
129120,129600,8.07,0.1175056356160503,speech
129600,130080,8.1,0.07048499514670956,speech
130080,130560,8.13,0.020643601756011626,silence
130560,131040,8.16,0.0701654634993759,speech
131040,131520,8.19,0.10448082069378237,speech
131520,132000,8.22,0.10872601820453977,speech
132000,132480,8.25,0.09000404215412346,speech
132480,132960,8.28,0.04376677039759664,silence
132960,133440,8.31,0.035197048940471924,silence
133440,133920,8.34,0.02474684021940911,silence
133920,134400,8.37,0.007211090049209772,silence
134400,134880,8.4,0.004431135223117398,silence
134880,135360,8.43,0.06943242658455899,speech
135360,135840,8.46,0.0735902426071209,speech
135840,136320,8.49,0.06249225619394153,speech
136320,136800,8.52,0.060233057942506746,speech
136800,137280,8.55,0.047880539323287036,silence
137280,137760,8.58,0.015071131074199632,silence
137760,138240,8.61,0.026049309232445843,silence
138240,138720,8.64,0.06755347504888815,speech
138720,139200,8.67,0.07419965612390202,speech
139200,139680,8.7,0.0925356249838725,speech
139680,140160,8.73,0.08389727992415598,speech
140160,140640,8.76,0.10150140162863783,speech
140640,141120,8.79,0.07575085877151408,speech
141120,141600,8.82,0.06948081329609979,speech
141600,142080,8.85,0.03250260766522019,silence
142080,142560,8.88,0.0034374310227358817,silence
142560,143040,8.91,0.001689175631679087,silence
143040,143520,8.94,0.0017586468773796978,silence
143520,144000,8.97,0.0025843005349766154,silence
144000,144480,9.0,0.001906572819921113,silence
144480,144960,9.03,0.0016656332969235224,silence
144960,145440,9.06,0.0015151780336242141,silence
145440,145920,9.09,0.0011501237395608601,silence
145920,146400,9.12,0.0019442934797688086,silence
146400,146880,9.15,0.0025539877281415112,silence
146880,147360,9.18,0.0023142159987015122,silence
147360,147840,9.21,0.0013519264146542764,silence
147840,148320,9.24,0.0009505656119690153,silence
148320,148800,9.27,0.0014047957833084484,silence
148800,149280,9.3,0.002251419115591467,silence
149280,149760,9.33,0.0016061461091768589,silence
149760,150240,9.36,0.034384110350469586,silence
150240,150720,9.39,0.037576012915114386,silence
150720,151200,9.42,0.124361141258793,speech
151200,151680,9.45,0.20765337053342856,speech
151680,152160,9.48,0.15524864774250496,speech
152160,152640,9.51,0.06017213003894832,speech
152640,153120,9.54,0.04984706349019554,silence
153120,153600,9.57,0.11147237652209004,speech
153600,154080,9.6,0.2506254080738198,speech
154080,154560,9.63,0.26629225807259416,speech
154560,155040,9.66,0.12645188050986533,speech
155040,155520,9.69,0.07314049953323566,speech
155520,156000,9.72,0.024596040927065497,silence
156000,156480,9.75,0.010795132882194578,silence
156480,156960,9.78,0.09280700892866267,speech
156960,157440,9.81,0.13046685711347447,speech
157440,157920,9.84,0.09965465910394793,speech
157920,158400,9.87,0.07109970556455471,speech
158400,158880,9.9,0.02592899046475634,silence
158880,159360,9.93,0.04323118829554189,silence
159360,159840,9.96,0.04946230478965978,silence
159840,160320,9.99,0.03313971130987517,silence
160320,160800,10.02,0.08982669981244872,speech
160800,161280,10.05,0.04503389438497554,silence
161280,161760,10.08,0.04707631582592957,silence
161760,162240,10.11,0.05055403067152856,speech
162240,162720,10.14,0.11417034216309023,speech
162720,163200,10.17,0.12171921912750153,speech
163200,163680,10.2,0.13722029596542182,speech
163680,164160,10.23,0.1472580170373722,speech
164160,164640,10.26,0.11484215299495833,speech
164640,165120,10.29,0.0295624807363942,silence
165120,165600,10.32,0.027128173048320128,silence
165600,166080,10.35,0.12427462674618661,speech
166080,166560,10.38,0.11286140207551353,speech
166560,167040,10.41,0.06660484029899771,speech
167040,167520,10.44,0.08501340815421742,speech
167520,168000,10.47,0.06326154951772915,speech
168000,168480,10.5,0.06578402603790104,speech
168480,168960,10.53,0.05717841751174843,speech
168960,169440,10.56,0.046107015074936135,silence
169440,169920,10.59,0.007800520339899561,silence
169920,170400,10.62,0.00878989692541707,silence
170400,170880,10.65,0.08857441033677686,speech
170880,171360,10.68,0.11383057082945787,speech
171360,171840,10.71,0.059441635243164495,speech
171840,172320,10.74,0.010807072587454582,silence
172320,172800,10.77,0.025969603539739945,silence
172800,173280,10.8,0.03572693807362254,silence
173280,173760,10.83,0.030335649439387317,silence
173760,174240,10.86,0.10651869597532368,speech
174240,174720,10.89,0.08963203030925827,speech
174720,175200,10.92,0.08438177526987253,speech
175200,175680,10.95,0.03415074633157728,silence
175680,176160,10.98,0.003101750027658976,silence
176160,176640,11.01,0.00459711128479486,silence
176640,177120,11.04,0.028216807816518866,silence
177120,177600,11.07,0.08561478899984983,speech
177600,178080,11.1,0.10613559054531312,speech
178080,178560,11.13,0.11192089354899987,speech
178560,179040,11.16,0.10061480455526743,speech
179040,179520,11.19,0.07748092860350322,speech
179520,180000,11.22,0.04633343562208287,silence
180000,180480,11.25,0.028771997128620403,silence
180480,180960,11.28,0.08452217031573711,speech
180960,181440,11.31,0.07169372691408679,speech
181440,181920,11.34,0.0717243803771005,speech
181920,182400,11.37,0.08390356603077094,speech
182400,182880,11.4,0.08466284584047887,speech
182880,183360,11.43,0.062740884611671,speech
183360,183840,11.46,0.042600173552057446,silence
183840,184320,11.49,0.017321747895642073,silence
184320,184800,11.52,0.03998072447669385,silence
184800,185280,11.55,0.10389413645926908,speech
185280,185760,11.58,0.07289978911730194,speech
185760,186240,11.61,0.03848505022839636,silence
186240,186720,11.64,0.06672949797744958,speech
186720,187200,11.67,0.13956232251494777,speech
187200,187680,11.7,0.14805255649143384,speech
187680,188160,11.73,0.12182791926201701,speech
188160,188640,11.76,0.09533766765760657,speech
188640,189120,11.79,0.0444666407513036,silence
189120,189600,11.82,0.05227234296488864,speech
189600,190080,11.85,0.04736615554045221,silence
190080,190560,11.88,0.030005185241095907,silence
190560,191040,11.91,0.009989102676419604,silence
191040,191520,11.94,0.00614760149238821,silence
191520,192000,11.97,0.0017560986932852443,silence
192000,192480,12.0,0.0006198556353445077,silence
192480,192960,12.03,0.0,silence
192960,193440,12.06,0.0,silence
193440,193920,12.09,0.0,silence
193920,194400,12.12,0.0,silence
194400,194880,12.15,0.0,silence
194880,195360,12.18,0.0,silence
195360,195840,12.21,0.0,silence
195840,196320,12.24,0.0,silence
196320,196800,12.27,0.0,silence
196800,197280,12.3,0.0,silence
197280,197760,12.33,0.0,silence
197760,198240,12.36,0.0,silence
198240,198720,12.39,0.0,silence
198720,199200,12.42,0.0,silence
199200,199680,12.45,0.0,silence
199680,200160,12.48,0.0,silence
200160,200640,12.51,0.0,silence
200640,201120,12.54,0.0,silence
201120,201600,12.57,0.0,silence
201600,202080,12.6,0.0,silence
202080,202560,12.63,0.0,silence
202560,203040,12.66,0.0,silence
203040,203520,12.69,0.0,silence
203520,204000,12.72,0.0,silence
204000,204480,12.75,0.0,silence
204480,204960,12.78,0.0,silence
204960,205440,12.81,0.0,silence
205440,205920,12.84,0.0,silence
205920,206400,12.87,0.0,silence
206400,206880,12.9,0.0,silence
206880,207360,12.93,0.0,silence
207360,207840,12.96,0.0,silence
207840,208320,12.99,0.0,silence
208320,208800,13.02,0.0,silence
208800,209280,13.05,0.0,silence
209280,209760,13.08,0.0,silence
209760,210240,13.11,0.0,silence
210240,210720,13.14,0.0,silence
210720,211200,13.17,0.0,silence
211200,211680,13.2,0.0,silence
211680,212160,13.23,0.0,silence
212160,212640,13.26,0.0,silence
212640,213120,13.29,0.0,silence
213120,213600,13.32,0.0,silence
213600,214080,13.35,0.0,silence
214080,214560,13.38,0.0,silence
214560,215040,13.41,0.0,silence
215040,215520,13.44,0.0,silence
215520,216000,13.47,0.0,silence
216000,216480,13.5,0.0,silence
216480,216960,13.53,0.0,silence
216960,217440,13.56,0.0,silence
217440,217920,13.59,0.0,silence
217920,218400,13.62,0.0,silence
218400,218880,13.65,0.0,silence
218880,219360,13.68,0.0,silence
219360,219840,13.71,0.0,silence
219840,220320,13.74,0.0,silence
220320,220800,13.77,0.0,silence
220800,221280,13.8,0.0,silence
221280,221760,13.83,0.0,silence
221760,222240,13.86,0.0,silence
222240,222720,13.89,0.0,silence
222720,223200,13.92,0.0,silence
223200,223680,13.95,0.0,silence
223680,224160,13.98,0.0,silence
224160,224640,14.01,0.0066005325125210144,silence
224640,225120,14.04,0.0038666041954597947,silence
225120,225600,14.07,0.0023348897444208623,silence
225600,226080,14.1,0.00407114624553146,silence
226080,226560,14.13,0.006307575186169132,silence
226560,227040,14.16,0.0050768873268400875,silence
227040,227520,14.19,0.005185673889333563,silence
227520,228000,14.22,0.005766609104678061,silence
228000,228480,14.25,0.0035131899692458996,silence
228480,228960,14.28,0.0025456257350820904,silence
228960,229440,14.31,0.0016503263918097471,silence
229440,229920,14.34,0.0005646233065614042,silence
229920,230400,14.37,0.00448481050784578,silence
230400,230880,14.4,0.012707825372113775,silence
230880,231360,14.43,0.0117269554319348,silence
231360,231840,14.46,0.011965439080599641,silence
231840,232320,14.49,0.012617163577539343,silence
232320,232800,14.52,0.007837949220973972,silence
232800,233280,14.55,0.003285046065221838,silence
233280,233760,14.58,0.00028983667164511146,silence
233760,234240,14.61,0.0001063746646602379,silence
234240,234720,14.64,5.462703313833816e-05,silence
234720,235200,14.67,3.9692409291843e-05,silence
235200,235680,14.7,3.4346400993111437e-05,silence
235680,236160,14.73,3.293330758296646e-05,silence
236160,236640,14.76,0.0018786558465520692,silence
236640,237120,14.79,0.005826711176310529,silence
237120,237600,14.82,0.008209823270143917,silence
237600,238080,14.85,0.007801085567651155,silence
238080,238560,14.88,0.005515395495166919,silence
238560,239040,14.91,0.001356154297099576,silence
239040,239520,14.94,0.00023289031418066516,silence
239520,240000,14.97,0.0037483260107269243,silence
240000,240480,15.0,0.011694950699492236,silence
240480,240960,15.03,0.005617698356884783,silence
240960,241440,15.06,0.0029956443020335522,silence
241440,241920,15.09,0.002792943396375417,silence
241920,242400,15.12,0.004551108741436956,silence
242400,242880,15.15,0.009325877612732646,silence
242880,243360,15.18,0.010561299872064,silence
243360,243840,15.21,0.012623970539240593,silence
243840,244320,15.24,0.007840752676597932,silence
244320,244800,15.27,0.004301689847783812,silence
244800,245280,15.3,0.0031095909029917037,silence
245280,245760,15.33,0.007588686487076104,silence
245760,246240,15.36,0.008798567612461117,silence
246240,246720,15.39,0.00802331048399223,silence
246720,247200,15.42,0.0085073374518033,silence
247200,247680,15.45,0.00328693702194528,silence
247680,248160,15.48,0.002108997510611352,silence
248160,248640,15.51,0.0007002008194930739,silence
248640,249120,15.54,0.0002299137167088635,silence
249120,249600,15.57,0.00046744597367296396,silence
249600,250080,15.6,0.0008373516834827799,silence
250080,250560,15.63,0.0011466263380436534,silence
250560,251040,15.66,0.0032361483870287358,silence
251040,251520,15.69,0.007803224481365567,silence
251520,252000,15.72,0.012487981651275338,silence
252000,252480,15.75,0.011672860521088468,silence
252480,252960,15.78,0.0074712715940337985,silence
252960,253440,15.81,0.004597504838609928,silence
253440,253920,15.84,0.0007775372459251777,silence
253920,254400,15.87,0.00016053788337062248,silence
254400,254880,15.9,6.007391261300515e-05,silence
254880,255360,15.93,0.0005851866626772896,silence
255360,255840,15.96,0.000183565832612734,silence
255840,256320,15.99,5.0951562063793945e-05,silence
256320,256800,16.02,6.202843208062086e-05,silence
256800,257280,16.05,0.00022676121284504787,silence
257280,257760,16.08,0.0009066415422553546,silence
257760,258240,16.11,0.0035561771969858866,silence
258240,258720,16.14,0.008050897386311082,silence
258720,259200,16.17,0.008923299748460662,silence
259200,259680,16.2,0.008616069394156423,silence
259680,260160,16.23,0.008015433809566916,silence
260160,260640,16.26,0.00552951371380739,silence
260640,261120,16.29,0.0036151959312273095,silence
261120,261600,16.32,0.0051746674229877845,silence
261600,262080,16.35,0.004131331345430124,silence
262080,262560,16.38,0.0008174781424694709,silence
262560,263040,16.41,7.692710094326871e-05,silence
263040,263520,16.44,9.29931081122546e-05,silence
263520,264000,16.47,0.00010045530422546868,silence
264000,264480,16.5,0.0016406492153908639,silence
264480,264960,16.53,0.006384085998196256,silence
264960,265440,16.56,0.012294886027574989,silence
265440,265920,16.59,0.014440935421866207,silence
265920,266400,16.62,0.009765841163785975,silence
266400,266880,16.65,0.004514777614272815,silence
266880,267360,16.68,0.003954174189624055,silence
267360,267840,16.71,0.003583403513418901,silence
267840,268320,16.74,0.0023285973667596287,silence
268320,268800,16.77,0.001289490312089951,silence
268800,269280,16.8,0.0022623777103514186,silence
269280,269760,16.83,0.0062906362001577875,silence
269760,270240,16.86,0.00715322404933383,silence
270240,270720,16.89,0.0067957474378001455,silence
270720,271200,16.92,0.008662287460469082,silence
271200,271680,16.95,0.004417630916929011,silence
271680,272160,16.98,0.0015798300570770906,silence
272160,272640,17.01,0.0001459722042207236,silence
272640,273120,17.04,4.750281031769334e-05,silence
273120,273600,17.07,6.369516438214661e-05,silence
273600,274080,17.1,0.00010466461572047435,silence
274080,274560,17.13,4.780816686022888e-05,silence
274560,275040,17.16,0.001539234837332867,silence
275040,275520,17.19,0.00286425835669801,silence
275520,276000,17.22,0.008038040205146795,silence
276000,276480,17.25,0.009606795227172423,silence
276480,276960,17.28,0.003756394206127676,silence
276960,277440,17.31,0.004270663791703788,silence
277440,277920,17.34,0.003586875271918477,silence
277920,278400,17.37,0.0027798387621802184,silence
278400,278880,17.4,0.0030319633666563775,silence
278880,279360,17.43,0.006680838956682542,silence
279360,279840,17.46,0.0030833085220282113,silence
279840,280320,17.49,0.0009638455004250772,silence
280320,280800,17.52,0.0011693342467963197,silence
280800,281280,17.55,0.0015593656255507794,silence
281280,281760,17.58,0.005239937370256509,silence
281760,282240,17.61,0.007805331860706829,silence
282240,282720,17.64,0.007894499171133803,silence
282720,283200,17.67,0.006272357666772619,silence
283200,283680,17.7,0.003215217011387495,silence
283680,284160,17.73,0.00036378694019007814,silence
284160,284640,17.76,0.004757473304268629,silence
284640,285120,17.79,0.008726625063094757,silence
285120,285600,17.82,0.0025593235798591282,silence
285600,286080,17.85,0.0006701979082367108,silence
286080,286560,17.88,0.0065985049448048705,silence
286560,287040,17.91,0.006340309011314494,silence
287040,287520,17.94,0.0030416690640516285,silence
287520,288000,17.97,0.000286679850528579,silence
288000,288480,18.0,7.852471933155814e-05,silence
288480,288960,18.03,4.899077346805865e-05,silence
288960,289440,18.06,0.0002475578839795373,silence
289440,289920,18.09,0.0005620021438114421,silence
289920,290400,18.12,0.0003070803655969899,silence
290400,290880,18.15,5.056932439201656e-05,silence
290880,291360,18.18,6.372561868194174e-05,silence
291360,291840,18.21,0.000434364330751904,silence
291840,292320,18.24,0.0035161660360884983,silence
292320,292800,18.27,0.005551821685385564,silence
292800,293280,18.3,0.006292383244527248,silence
293280,293760,18.33,0.007433715220371144,silence
293760,294240,18.36,0.0033148307170285055,silence
294240,294720,18.39,0.0007037580585152455,silence
294720,295200,18.42,0.000767246802929437,silence
295200,295680,18.45,0.002160329670064143,silence
295680,296160,18.48,0.0033308606100081973,silence
296160,296640,18.51,0.0013525785458765951,silence
296640,297120,18.54,0.00019228496096219928,silence
297120,297600,18.57,0.00010391112115384091,silence
297600,298080,18.6,0.00018003862393205024,silence
298080,298560,18.63,0.0032055825162600423,silence
298560,299040,18.66,0.005053247746911425,silence
299040,299520,18.69,0.00572366276255731,silence
299520,300000,18.72,0.004661367134559811,silence
300000,300480,18.75,0.002010018492812973,silence
300480,300960,18.78,0.00034661305821534873,silence
300960,301440,18.81,0.005474000989865397,silence
301440,301920,18.84,0.007066953760944084,silence
301920,302400,18.87,0.0059796439267412425,silence
302400,302880,18.9,0.003623088530534922,silence
302880,303360,18.93,0.0019257529830856998,silence
303360,303840,18.96,0.0004609547755942633,silence
303840,304320,18.99,0.005387081208620017,silence
304320,304800,19.02,0.007094764959875081,silence
304800,305280,19.05,0.004798018392171225,silence
305280,305760,19.08,0.0029146870070899744,silence
305760,306240,19.11,0.0007443072974244508,silence
306240,306720,19.14,0.0014540860081530978,silence
306720,307200,19.17,0.0009091302111828738,silence
307200,307680,19.2,0.0033387274205678393,silence
307680,308160,19.23,0.0016328752121981917,silence
308160,308640,19.26,0.0013358581086693067,silence
308640,309120,19.29,0.001377658257627371,silence
309120,309600,19.32,0.01921794310698936,silence
309600,310080,19.35,0.020546123127663865,silence
310080,310560,19.38,0.020115645281616665,silence
310560,311040,19.41,0.02049685556379609,silence
311040,311520,19.44,0.020063455735532563,silence
311520,312000,19.47,0.02023455402563253,silence
312000,312480,19.5,0.01948211225703408,silence
312480,312960,19.53,0.019521310780694637,silence
312960,313440,19.56,0.020070065609902148,silence
313440,313920,19.59,0.0202539427316117,silence
313920,314400,19.62,0.01994768218183502,silence
314400,314880,19.65,0.020264386447885013,silence
314880,315360,19.68,0.020836307330747598,silence
315360,315840,19.71,0.02025648668548062,silence
315840,316320,19.74,0.01993485391044735,silence
316320,316800,19.77,0.01949878219221156,silence
316800,317280,19.8,0.020212905843881798,silence
317280,317760,19.83,0.018929600355315997,silence
317760,318240,19.86,0.02150238146798364,silence
318240,318720,19.89,0.02039252176070878,silence
318720,319200,19.92,0.02082369413439845,silence
319200,319680,19.95,0.019305698926631972,silence
319680,320160,19.98,0.020628695434995466,silence
320160,320640,20.01,0.02022211220392127,silence
320640,321120,20.04,0.019592259903175504,silence
321120,321600,20.07,0.019013515746721884,silence
321600,322080,20.1,0.02028300433626993,silence
322080,322560,20.13,0.0203688395357193,silence
322560,323040,20.16,0.020382630706561013,silence
323040,323520,20.19,0.020170650919289244,silence
323520,324000,20.22,0.019796827504418562,silence
324000,324480,20.25,0.019875805085014343,silence
324480,324960,20.28,0.019276206238387775,silence
324960,325440,20.31,0.020523380196857042,silence
325440,325920,20.34,0.02017195466359731,silence
325920,326400,20.37,0.019981831043944336,silence
326400,326880,20.4,0.019810623456021595,silence
326880,327360,20.43,0.019814420672315376,silence
327360,327840,20.46,0.019278548600212803,silence
327840,328320,20.49,0.02117245105822484,silence
328320,328800,20.52,0.021323096624826347,silence
328800,329280,20.55,0.020838888195809712,silence
329280,329760,20.58,0.01993647973847394,silence
329760,330240,20.61,0.019125747240636416,silence
330240,330720,20.64,0.020885374977684786,silence
330720,331200,20.67,0.018669035193830605,silence
331200,331680,20.7,0.01947197333180672,silence
331680,332160,20.73,0.01953413018209528,silence
332160,332640,20.76,0.019556457227225855,silence
332640,333120,20.79,0.0196530332208677,silence
333120,333600,20.82,0.02026756217679656,silence
333600,334080,20.85,0.020376378038748966,silence
334080,334560,20.88,0.01938774326637945,silence
334560,335040,20.91,0.020513443088726643,silence
335040,335520,20.94,0.019780154449144553,silence
335520,336000,20.97,0.021560378948978224,silence
336000,336480,21.0,0.02085445804223978,silence
336480,336960,21.03,0.019659395246495816,silence
336960,337440,21.06,0.019853726105388162,silence
337440,337920,21.09,0.020084635777321457,silence
337920,338400,21.12,0.01965304931311622,silence
338400,338880,21.15,0.020734514594865822,silence
338880,339360,21.18,0.02084444024377923,silence
339360,339840,21.21,0.02016037706475503,silence
339840,340320,21.24,0.019896235116203205,silence
340320,340800,21.27,0.019764274840360637,silence
340800,341280,21.3,0.02033810341109875,silence
341280,341760,21.33,0.02126105583302063,silence
341760,342240,21.36,0.01965258539693618,silence
342240,342720,21.39,0.019965326431449517,silence
342720,343200,21.42,0.018869035202464062,silence
343200,343680,21.45,0.02021048759203728,silence
343680,344160,21.48,0.01924202736497391,silence
344160,344640,21.51,0.020489989257766055,silence
344640,345120,21.54,0.02039576615226338,silence
345120,345600,21.57,0.019540553658620202,silence
345600,346080,21.6,0.020684078937374586,silence
346080,346560,21.63,0.019516722869480144,silence
346560,347040,21.66,0.020190535980968833,silence
347040,347520,21.69,0.021194124779897825,silence
347520,348000,21.72,0.02103437447416028,silence
348000,348480,21.75,0.0195887935850737,silence
348480,348960,21.78,0.020352065371654137,silence
348960,349440,21.81,0.019925883388939903,silence
349440,349920,21.84,0.01962374595443695,silence
349920,350400,21.87,0.020485919191815007,silence
350400,350880,21.9,0.01939630961420248,silence
350880,351360,21.93,0.020235542465204055,silence
351360,351840,21.96,0.019814316826422564,silence
351840,352320,21.99,0.01986899694912778,silence
352320,352800,22.02,0.019607957076137442,silence
352800,353280,22.05,0.019925477093375214,silence
353280,353760,22.08,0.01931748387633778,silence
353760,354240,22.11,0.020282803690168025,silence
354240,354720,22.14,0.019244999628218823,silence
354720,355200,22.17,0.01976335698028716,silence
355200,355680,22.2,0.02050058345311479,silence
355680,356160,22.23,0.01925908861935902,silence
356160,356640,22.26,0.02013710371524217,silence
356640,357120,22.29,0.020058010355396717,silence
357120,357600,22.32,0.02023873096481318,silence
357600,358080,22.35,0.019818814994379527,silence
358080,358560,22.38,0.019373886190706048,silence
358560,359040,22.41,0.02033138680879642,silence
359040,359520,22.44,0.019421710561709372,silence
359520,360000,22.47,0.020400143626498085,silence
360000,360480,22.5,0.019172026793872705,silence
360480,360960,22.53,0.021171419114501475,silence
360960,361440,22.56,0.019359651687594518,silence
361440,361920,22.59,0.020084267616253232,silence
361920,362400,22.62,0.019246978193827775,silence
362400,362880,22.65,0.019931675352389957,silence
362880,363360,22.68,0.019923593175882832,silence
363360,363840,22.71,0.019974155242303487,silence
363840,364320,22.74,0.020708168953449475,silence
364320,364800,22.77,0.01935602893894417,silence
364800,365280,22.8,0.01873724674667143,silence
365280,365760,22.83,0.020232627443691392,silence
365760,366240,22.86,0.02005481842265708,silence
366240,366720,22.89,0.019787248933524817,silence
366720,367200,22.92,0.021099956882964038,silence
367200,367680,22.95,0.021149715152457973,silence
367680,368160,22.98,0.020996784598051873,silence
368160,368640,23.01,0.020168537325903763,silence
368640,369120,23.04,0.018850197727764643,silence
369120,369600,23.07,0.020772144881855695,silence
369600,370080,23.1,0.018787146887920412,silence
370080,370560,23.13,0.020541735485347826,silence
370560,371040,23.16,0.020015728887912,silence
371040,371520,23.19,0.020284581168568242,silence
371520,372000,23.22,0.020465691439341814,silence
372000,372480,23.25,0.020814217300895128,silence
372480,372960,23.28,0.019553226732991952,silence
372960,373440,23.31,0.02094717726914831,silence
373440,373920,23.34,0.019962607017713612,silence
373920,374400,23.37,0.020452319954960132,silence
374400,374880,23.4,0.019205638580862956,silence
374880,375360,23.43,0.020058853552215143,silence
375360,375840,23.46,0.02021405472651465,silence
375840,376320,23.49,0.019604780296767613,silence
376320,376800,23.52,0.02051381622149441,silence
376800,377280,23.55,0.020031185169630827,silence
377280,377760,23.58,0.020819289781443016,silence
377760,378240,23.61,0.019921131135728517,silence
378240,378720,23.64,0.019831484154637462,silence
378720,379200,23.67,0.021146562349923757,silence
379200,379680,23.7,0.020194094197346267,silence
379680,380160,23.73,0.019388591795525035,silence
380160,380640,23.76,0.020180410171171264,silence
380640,381120,23.79,0.020527066311094102,silence
381120,381600,23.82,0.020031888082913903,silence
381600,382080,23.85,0.02043246760121623,silence
382080,382560,23.88,0.020675728669935424,silence
382560,383040,23.91,0.018566622994381252,silence
383040,383520,23.94,0.019506401010215446,silence
383520,384000,23.97,0.019735841341242847,silence
384000,384480,24.0,0.020449508845133732,silence
384480,384960,24.03,0.020078620652115284,silence
384960,385440,24.06,0.02095145981598683,silence
385440,385920,24.09,0.01808215740193433,silence
385920,386400,24.12,0.020206469396048227,silence
386400,386880,24.15,0.019969566485027512,silence
386880,387360,24.18,0.020138689418231125,silence
387360,387840,24.21,0.0202783220925542,silence
387840,388320,24.24,0.020703967376431764,silence
388320,388800,24.27,0.020012667785871564,silence
388800,389280,24.3,0.0198235870285731,silence
389280,389760,24.33,0.02104529601182737,silence
389760,390240,24.36,0.02031374125745811,silence
390240,390720,24.39,0.02092193682565367,silence
390720,391200,24.42,0.020165311027098867,silence
391200,391680,24.45,0.01962649862823761,silence
391680,392160,24.48,0.01952040321440649,silence
392160,392640,24.51,0.02143609635308502,silence
392640,393120,24.54,0.019865486327933814,silence
393120,393600,24.57,0.018942969278070546,silence
393600,394080,24.6,0.01927196837907978,silence
394080,394560,24.63,0.020243810155903576,silence
394560,395040,24.66,0.02018567037436962,silence
395040,395520,24.69,0.020920970521348125,silence
395520,396000,24.72,0.021120602406320868,silence
396000,396480,24.75,0.019535570958117907,silence
396480,396960,24.78,0.021230618494398272,silence
396960,397440,24.81,0.0193811921598214,silence
397440,397920,24.84,0.0208579933695504,silence
397920,398400,24.87,0.01930935553532543,silence
398400,398880,24.9,0.019435715180170073,silence
398880,399360,24.93,0.019577699205189664,silence
399360,399840,24.96,0.01931324944858737,silence
399840,400320,24.99,0.019832215082317015,silence
400320,400800,25.02,0.019749230184628076,silence
400800,401280,25.05,0.020760249227995856,silence
401280,401760,25.08,0.01965468142319741,silence
401760,402240,25.11,0.019434403976885874,silence
402240,402720,25.14,0.0193928142745114,silence
402720,403200,25.17,0.020700169729489414,silence
403200,403680,25.2,0.019932316896412706,silence
403680,404160,25.23,0.020116411071827607,silence
404160,404640,25.26,0.020436547885155323,silence
404640,405120,25.29,0.020525006199493778,silence
405120,405600,25.32,0.020865973747897632,silence
405600,406080,25.35,0.02141743503426559,silence
406080,406560,25.38,0.019769172662237062,silence
406560,407040,25.41,0.019729303542913888,silence
407040,407520,25.44,0.019935516569383565,silence
407520,408000,25.47,0.020018339218533795,silence
408000,408480,25.5,0.01981109013532294,silence
408480,408960,25.53,0.02090703174389764,silence
408960,409440,25.56,0.020371736399848055,silence
409440,409920,25.59,0.019072632223715285,silence
409920,410400,25.62,0.020863762410046074,silence
410400,410880,25.65,0.020744053374840483,silence
410880,411360,25.68,0.019308694096902012,silence
411360,411840,25.71,0.020609828222649954,silence
411840,412320,25.74,0.019399863932479205,silence
412320,412800,25.77,0.01937287381850563,silence
412800,413280,25.8,0.020262271189250804,silence
413280,413760,25.83,0.01946940255937101,silence
413760,414240,25.86,0.020636754236504302,silence
414240,414720,25.89,0.02085789616117834,silence
414720,415200,25.92,0.02018396344362174,silence
415200,415680,25.95,0.019167674039404954,silence
415680,416160,25.98,0.020017888711210945,silence
416160,416640,26.01,0.020011794816784185,silence
416640,417120,26.04,0.020233472713229977,silence
417120,417600,26.07,0.019335708271620157,silence
417600,418080,26.1,0.020626468441733232,silence
418080,418560,26.13,0.019981183709779863,silence
418560,419040,26.16,0.020481152083566694,silence
419040,419520,26.19,0.0205200423755477,silence
419520,420000,26.22,0.019276083891290534,silence
420000,420480,26.25,0.020057810167120715,silence
420480,420960,26.28,0.019998479790563614,silence
420960,421440,26.31,0.03662804034364166,silence
421440,421920,26.34,0.04279785848067308,silence
421920,422400,26.37,0.04132203739331196,silence
422400,422880,26.4,0.045803343220668265,silence
422880,423360,26.43,0.04921658023272502,silence
423360,423840,26.46,0.0774351263266005,speech
423840,424320,26.49,0.15308452833218308,speech
424320,424800,26.52,0.32638290389678054,speech
424800,425280,26.55,0.2465500942209353,speech
425280,425760,26.58,0.1373754535227836,speech
425760,426240,26.61,0.07543706740976219,speech
426240,426720,26.64,0.14742706921196205,speech
426720,427200,26.67,0.324362604718912,speech
427200,427680,26.7,0.19573684488911433,speech
427680,428160,26.73,0.05112066600775997,speech
428160,428640,26.76,0.041928728201071,silence
428640,429120,26.79,0.0424597114652038,silence
429120,429600,26.82,0.07885461925047613,speech
429600,430080,26.85,0.16181393458202084,speech
430080,430560,26.88,0.1339216288606025,speech
430560,431040,26.91,0.10091195826765528,speech
431040,431520,26.94,0.08431506217419936,speech
431520,432000,26.97,0.1768169642025394,speech
432000,432480,27.0,0.22875916596883333,speech
432480,432960,27.03,0.10254904924495763,speech
432960,433440,27.06,0.05888642654483515,speech
433440,433920,27.09,0.057846689635995846,speech
433920,434400,27.12,0.0601458492482686,speech
434400,434880,27.15,0.16362156111116558,speech
434880,435360,27.18,0.2181495778628028,speech
435360,435840,27.21,0.15999129654586608,speech
435840,436320,27.24,0.1079245245887945,speech
436320,436800,27.27,0.08035370373080894,speech
436800,437280,27.3,0.09517266400902798,speech
437280,437760,27.33,0.11028756821326596,speech
437760,438240,27.36,0.08650895474519894,speech
438240,438720,27.39,0.13484817728643253,speech
438720,439200,27.42,0.13645182793605695,speech
439200,439680,27.45,0.11029963307103872,speech
439680,440160,27.48,0.07844852211903733,speech
440160,440640,27.51,0.055508062929965005,speech
440640,441120,27.54,0.06615669395775682,speech
441120,441600,27.57,0.12127058471001813,speech
441600,442080,27.6,0.10318714372570482,speech
442080,442560,27.63,0.11697064250193401,speech
442560,443040,27.66,0.15735944076256242,speech
443040,443520,27.69,0.1084967365572755,speech
443520,444000,27.72,0.05727685536289188,speech
444000,444480,27.75,0.046626102806577155,silence
444480,444960,27.78,0.048379219720166525,silence
444960,445440,27.81,0.10181836700867195,speech
445440,445920,27.84,0.21156615890964262,speech
445920,446400,27.87,0.10665953505478998,speech
446400,446880,27.9,0.053812065415651526,speech
446880,447360,27.93,0.07191472288589038,speech
447360,447840,27.96,0.18872468884730673,speech
447840,448320,27.99,0.12642994748101302,speech
448320,448800,28.02,0.23582137418001214,speech
448800,449280,28.05,0.20486091573883472,speech
449280,449760,28.08,0.19606915061355146,speech
449760,450240,28.11,0.1584635543667328,speech
450240,450720,28.14,0.14754476129881028,speech
450720,451200,28.17,0.11275485721667336,speech
451200,451680,28.2,0.08988015297540257,speech
451680,452160,28.23,0.06985957056885818,speech
452160,452640,28.26,0.05922952342139093,speech
452640,453120,28.29,0.05716084286567326,speech
453120,453600,28.32,0.06136663268435626,speech
453600,454080,28.35,0.05584042048036924,speech
454080,454560,28.38,0.053892692543238925,speech
454560,455040,28.41,0.09456791854766276,speech
455040,455520,28.44,0.10399564615470284,speech
455520,456000,28.47,0.11896552245222247,speech
456000,456480,28.5,0.1367688600210429,speech
456480,456960,28.53,0.12158175889556642,speech
456960,457440,28.56,0.07076734145035274,speech
457440,457920,28.59,0.051086670617838954,speech
457920,458400,28.62,0.042756247250503254,silence
458400,458880,28.65,0.04300176064109365,silence
458880,459360,28.68,0.04274336727808292,silence
459360,459840,28.71,0.04314249578818209,silence
459840,460320,28.74,0.0420582300941146,silence
460320,460800,28.77,0.04400810085213364,silence
460800,461280,28.8,0.04251681425023722,silence
461280,461760,28.83,0.044650785686387195,silence
461760,462240,28.86,0.04269241057478939,silence
462240,462720,28.89,0.042230073009942394,silence
462720,463200,28.92,0.04351933057481709,silence
463200,463680,28.95,0.04308712056822779,silence
463680,464160,28.98,0.04253978579831329,silence
464160,464640,29.01,0.04353205597323473,silence
464640,465120,29.04,0.04242452140411434,silence
465120,465600,29.07,0.04401000182314376,silence
465600,466080,29.1,0.1052484902047843,speech
466080,466560,29.13,0.24432427601765672,speech
466560,467040,29.16,0.2620544282551814,speech
467040,467520,29.19,0.1651725754271321,speech
467520,468000,29.22,0.1544422274969271,speech
468000,468480,29.25,0.14540737430502296,speech
468480,468960,29.28,0.20105566747942105,speech
468960,469440,29.31,0.25748604154722515,speech
469440,469920,29.34,0.27070422321908627,speech
469920,470400,29.37,0.23643103069580487,speech
470400,470880,29.4,0.1865345257511959,speech
470880,471360,29.43,0.172535211252706,speech
471360,471840,29.46,0.12408953145997287,speech
471840,472320,29.49,0.09136349456349624,speech
472320,472800,29.52,0.0722937073330309,speech
472800,473280,29.55,0.10889117351358787,speech
473280,473760,29.58,0.15182948376968022,speech
473760,474240,29.61,0.16150816244965702,speech
474240,474720,29.64,0.17426151842118073,speech
474720,475200,29.67,0.13349851119134587,speech
475200,475680,29.7,0.12880874837101364,speech
475680,476160,29.73,0.10764365721861124,speech
476160,476640,29.76,0.12343067079438984,speech
476640,477120,29.79,0.14629128966086585,speech
477120,477600,29.82,0.20004451859535655,speech
477600,478080,29.85,0.2073363424622334,speech
478080,478560,29.88,0.17844361262494193,speech
478560,479040,29.91,0.16690889089785518,speech
479040,479520,29.94,0.10200556393272572,speech
479520,480000,29.97,0.06706602709392682,speech
480000,480480,30.0,0.08624437706860541,speech
480480,480960,30.03,0.09797137382240521,speech
480960,481440,30.06,0.24659301018508628,speech
481440,481920,30.09,0.3270485452933825,speech
481920,482400,30.12,0.16884782107221796,speech
482400,482880,30.15,0.0453550737229857,silence
482880,483360,30.18,0.0437271932210321,silence
483360,483840,30.21,0.044282912115371505,silence
483840,484320,30.24,0.04624058433958857,silence
484320,484800,30.27,0.04439898377007278,silence
484800,485280,30.3,0.062455582217542716,speech
485280,485760,30.33,0.18624762374775314,speech
485760,486240,30.36,0.20044204160515064,speech
486240,486720,30.39,0.16347041580558927,speech
486720,487200,30.42,0.15077161871547304,speech
487200,487680,30.45,0.11695476944528474,speech
487680,488160,30.48,0.08693218787820677,speech
488160,488640,30.51,0.049731071535059485,silence
488640,489120,30.54,0.043437084654767956,silence
489120,489600,30.57,0.043639554173242695,silence
489600,490080,30.6,0.043472156544537635,silence
490080,490560,30.63,0.046715329279327394,silence
490560,491040,30.66,0.0924792307043573,speech
491040,491520,30.69,0.19906103444419226,speech
491520,492000,30.72,0.11640356146944762,speech
492000,492480,30.75,0.08080959888547595,speech
492480,492960,30.78,0.0456112848352181,silence
492960,493440,30.81,0.062358451689956115,speech
493440,493920,30.84,0.16407510361577282,speech
493920,494400,30.87,0.12112765921363645,speech
494400,494880,30.9,0.04261349771186881,silence
494880,495360,30.93,0.11854740726793202,speech
495360,495840,30.96,0.15591818695232484,speech
495840,496320,30.99,0.11092140301409846,speech
496320,496800,31.02,0.16001982348690022,speech
496800,497280,31.05,0.16963131381104088,speech
497280,497760,31.08,0.151868043052608,speech
497760,498240,31.11,0.11994169846019372,speech
498240,498720,31.14,0.09035314509717454,speech
498720,499200,31.17,0.09189527431823394,speech
499200,499680,31.2,0.0845066618942836,speech
499680,500160,31.23,0.09742907964467262,speech
500160,500640,31.26,0.13335242057919613,speech
500640,501120,31.29,0.13646748822905364,speech
501120,501600,31.32,0.12905436037706053,speech
501600,502080,31.35,0.14837142855237007,speech
502080,502560,31.38,0.08040397793750155,speech
502560,503040,31.41,0.08465053825976228,speech
503040,503520,31.44,0.13555952251986234,speech
503520,504000,31.47,0.12419046993904989,speech
504000,504480,31.5,0.12066985399654037,speech
504480,504960,31.53,0.06482994858681,speech
504960,505440,31.56,0.05407512080106181,speech
505440,505920,31.59,0.04275472408452488,silence
505920,506400,31.62,0.049226880765928994,silence
506400,506880,31.65,0.1125012746129277,speech
506880,507360,31.68,0.12960095606773886,speech
507360,507840,31.71,0.08439190609738746,speech
507840,508320,31.74,0.05502493921332219,speech
508320,508800,31.77,0.050242158884979904,speech
508800,509280,31.8,0.06314989675040304,speech
509280,509760,31.83,0.08631510023174697,speech
509760,510240,31.86,0.09836340480996993,speech
510240,510720,31.89,0.08978611109620503,speech
510720,511200,31.92,0.07791328580993084,speech
511200,511680,31.95,0.05941352821256062,speech
511680,512160,31.98,0.0477489888533435,silence
512160,512640,32.01,0.05140270072146572,speech
512640,513120,32.04,0.062218710764459326,speech
513120,513600,32.07,0.06825842404009272,speech
513600,514080,32.1,0.06919729896772943,speech
514080,514560,32.13,0.07772703766389606,speech
514560,515040,32.16,0.09347788667883367,speech
515040,515520,32.19,0.07619350012521797,speech
515520,516000,32.22,0.04902459323072929,silence
516000,516480,32.25,0.048721562014665765,silence
516480,516960,32.28,0.04390013018910991,silence
516960,517440,32.31,0.04200569869273499,silence
517440,517920,32.34,0.09239779325096642,speech
517920,518400,32.37,0.09765868203790516,speech
518400,518880,32.4,0.06873178836609994,speech
518880,519360,32.43,0.0569818402764332,speech
519360,519840,32.46,0.047451070123134084,silence
519840,520320,32.49,0.04983437491319408,silence
520320,520800,32.52,0.04717204625132283,silence
520800,521280,32.55,0.05737222675995371,speech
521280,521760,32.58,0.09752563725414917,speech
521760,522240,32.61,0.10854387299084794,speech
522240,522720,32.64,0.11623450249513594,speech
522720,523200,32.67,0.08042423788821325,speech
523200,523680,32.7,0.05430993590137754,speech
523680,524160,32.73,0.04470431155306916,silence
524160,524640,32.76,0.04461234226253337,silence
524640,525120,32.79,0.042662043355272954,silence
525120,525600,32.82,0.04399082264470666,silence
525600,526080,32.85,0.04429511520904034,silence
526080,526560,32.88,0.04375372294106966,silence
526560,527040,32.91,0.043361903733863096,silence
527040,527520,32.94,0.04230178006732398,silence
527520,528000,32.97,0.043053152444586885,silence
528000,528480,33.0,0.043950271039713246,silence
528480,528960,33.03,0.04346695772752044,silence
528960,529440,33.06,0.04494201601251808,silence
529440,529920,33.09,0.04294101805011783,silence
529920,530400,33.12,0.04208232786442523,silence
530400,530880,33.15,0.04284999502656213,silence
530880,531360,33.18,0.06776932605473718,speech
531360,531840,33.21,0.11800952139817147,speech
531840,532320,33.24,0.073752501992383,speech
532320,532800,33.27,0.163070284027729,speech
532800,533280,33.3,0.32551962462240563,speech
533280,533760,33.33,0.12491342050944454,speech
533760,534240,33.36,0.058657736477416005,speech
534240,534720,33.39,0.2408815786755627,speech
534720,535200,33.42,0.29574785066869147,speech
535200,535680,33.45,0.11164802935028932,speech
535680,536160,33.48,0.0872552478810127,speech
536160,536640,33.51,0.20069916322314252,speech
536640,537120,33.54,0.1836208035589964,speech
537120,537600,33.57,0.14409921583767976,speech
537600,538080,33.6,0.10112643285908064,speech
538080,538560,33.63,0.1115321279413728,speech
538560,539040,33.66,0.07050310005599185,speech
539040,539520,33.69,0.07650819797710748,speech
539520,540000,33.72,0.13070615949679715,speech
540000,540480,33.75,0.1252101771895255,speech
540480,540960,33.78,0.08867383042434422,speech
540960,541440,33.81,0.047093361430523194,silence
541440,541920,33.84,0.04921841584229694,silence
541920,542400,33.87,0.050673018024664236,speech
542400,542880,33.9,0.051488897504129175,speech
542880,543360,33.93,0.0507193002951164,speech
543360,543840,33.96,0.10113022522596216,speech
543840,544320,33.99,0.13639156897990393,speech
544320,544800,34.02,0.1083606789526974,speech
544800,545280,34.05,0.091850298347538,speech
545280,545760,34.08,0.05857964700279202,speech
545760,546240,34.11,0.045735452338624694,silence
546240,546720,34.14,0.03945773338952874,silence
546720,547200,34.17,0.0443128156517356,silence
547200,547680,34.2,0.04304257498152037,silence
547680,548160,34.23,0.04450010587353822,silence
548160,548640,34.26,0.04178674769596054,silence
548640,549120,34.29,0.042107753274385464,silence
549120,549600,34.32,0.04146322289985599,silence
549600,550080,34.35,0.04323976739647374,silence
550080,550560,34.38,0.04226212499263555,silence
550560,551040,34.41,0.043671301315565264,silence
551040,551520,34.44,0.04107427871190766,silence
551520,552000,34.47,0.04277931652716818,silence
552000,552480,34.5,0.04371373612652857,silence
552480,552960,34.53,0.041763411031526684,silence
552960,553440,34.56,0.10790341552729496,speech
553440,553920,34.59,0.20658249623355504,speech
553920,554400,34.62,0.22999308084403283,speech
554400,554880,34.65,0.14897965044517456,speech
554880,555360,34.68,0.07532754115470085,speech
555360,555840,34.71,0.15928684881630958,speech
555840,556320,34.74,0.2726250034924935,speech
556320,556800,34.77,0.2262106113725376,speech
556800,557280,34.8,0.12505486798784796,speech
557280,557760,34.83,0.1230430111707326,speech
557760,558240,34.86,0.19447205895953965,speech
558240,558720,34.89,0.2049054021262478,speech
558720,559200,34.92,0.17552299207309402,speech
559200,559680,34.95,0.1377953977396659,speech
559680,560160,34.98,0.10688376130153131,speech
560160,560640,35.01,0.09479770527701774,speech
560640,561120,35.04,0.07115905513255885,speech
561120,561600,35.07,0.11034687897883506,speech
561600,562080,35.1,0.11533557105042515,speech
562080,562560,35.13,0.08840966202143416,speech
562560,563040,35.16,0.05991850227249032,speech
563040,563520,35.19,0.07563424310068637,speech
563520,564000,35.22,0.06256363967188099,speech
564000,564480,35.25,0.06374291325833846,speech
564480,564960,35.28,0.09866276321106697,speech
564960,565440,35.31,0.13840144539639374,speech
565440,565920,35.34,0.19398971112168945,speech
565920,566400,35.37,0.16916738393604214,speech
566400,566880,35.4,0.12720885567966495,speech
566880,567360,35.43,0.18194370439190366,speech
567360,567840,35.46,0.15396738509303934,speech
567840,568320,35.49,0.11524414450274481,speech
568320,568800,35.52,0.10194967426467066,speech
568800,569280,35.55,0.11619793233274417,speech
569280,569760,35.58,0.15560400686252254,speech
569760,570240,35.61,0.1177067727796517,speech
570240,570720,35.64,0.11961236887275753,speech
570720,571200,35.67,0.1891798657601823,speech
571200,571680,35.7,0.22025116964832528,speech
571680,572160,35.73,0.22240402796806683,speech
572160,572640,35.76,0.15717724698391003,speech
572640,573120,35.79,0.07707346505539044,speech
573120,573600,35.82,0.06618867848885353,speech
573600,574080,35.85,0.04189853079473546,silence
574080,574560,35.88,0.04447433131245381,silence
574560,575040,35.91,0.04317689335161825,silence
575040,575520,35.94,0.044036524562703176,silence
575520,576000,35.97,0.04558480042532474,silence
576000,576480,36.0,0.04110938084944824,silence
576480,576960,36.03,0.04204435229582754,silence
576960,577440,36.06,0.04477306465744762,silence
577440,577920,36.09,0.04104626600017687,silence
577920,578400,36.12,0.04399011171781534,silence
578400,578880,36.15,0.05609140646894492,speech
578880,579360,36.18,0.12105095186989272,speech
579360,579840,36.21,0.2235609347958035,speech
579840,580320,36.24,0.21738861557824193,speech
580320,580800,36.27,0.18117575476499462,speech
580800,581280,36.3,0.04782321604880098,silence
581280,581760,36.33,0.043631270114775945,silence
581760,582240,36.36,0.06426707181302158,speech
582240,582720,36.39,0.14645655958016252,speech
582720,583200,36.42,0.0984064667632669,speech
583200,583680,36.45,0.06957337499142005,speech
583680,584160,36.48,0.05155067623238946,speech
584160,584640,36.51,0.04234957807008544,silence
584640,585120,36.54,0.07422811077664378,speech
585120,585600,36.57,0.11873806132967375,speech
585600,586080,36.6,0.13197461960880716,speech
586080,586560,36.63,0.13665138464659304,speech
586560,587040,36.66,0.0935532337409589,speech
587040,587520,36.69,0.08071237886720065,speech
587520,588000,36.72,0.09523653781758232,speech
588000,588480,36.75,0.09089289925498015,speech
588480,588960,36.78,0.13572019686487816,speech
588960,589440,36.81,0.13866015703626794,speech
589440,589920,36.84,0.1182271275159796,speech
589920,590400,36.87,0.08608700155003951,speech
590400,590880,36.9,0.08337946160073363,speech
590880,591360,36.93,0.08272781155477395,speech
591360,591840,36.96,0.1472218832214886,speech
591840,592320,36.99,0.11392557466949452,speech
592320,592800,37.02,0.06498107181303532,speech
592800,593280,37.05,0.049323017338987286,silence
593280,593760,37.08,0.049780126550859026,silence
593760,594240,37.11,0.0428986794222506,silence
594240,594720,37.14,0.04350961089861941,silence
594720,595200,37.17,0.12506947220535108,speech
595200,595680,37.2,0.06796577804972058,speech
595680,596160,37.23,0.08361834672225715,speech
596160,596640,37.26,0.08373660006945471,speech
596640,597120,37.29,0.09517552817321,speech
597120,597600,37.32,0.1396907536307101,speech
597600,598080,37.35,0.14360956472523118,speech
598080,598560,37.38,0.08109517734268071,speech
598560,599040,37.41,0.047043193110995786,silence
599040,599520,37.44,0.04602418875539804,silence
599520,600000,37.47,0.04143750643383993,silence
600000,600480,37.5,0.05321458742969799,speech
600480,600960,37.53,0.10398068716396,speech
600960,601440,37.56,0.05927714523445063,speech
601440,601920,37.59,0.05667361928690429,speech
601920,602400,37.62,0.10448268040518896,speech
602400,602880,37.65,0.10878382678548065,speech
602880,603360,37.68,0.08345351823071638,speech
603360,603840,37.71,0.08214945192426065,speech
603840,604320,37.74,0.10184707789530038,speech
604320,604800,37.77,0.11607162160799912,speech
604800,605280,37.8,0.12251552155633731,speech
605280,605760,37.83,0.12210091454457632,speech
605760,606240,37.86,0.09208568666095529,speech
606240,606720,37.89,0.04883146189175335,silence
606720,607200,37.92,0.04287707522228968,silence
607200,607680,37.95,0.04224601615660401,silence
607680,608160,37.98,0.04419291721556697,silence
608160,608640,38.01,0.04235526816759846,silence
608640,609120,38.04,0.04243498363941313,silence
609120,609600,38.07,0.04369414690853107,silence
609600,610080,38.1,0.0458657082070762,silence
610080,610560,38.13,0.05739556988159606,speech
610560,611040,38.16,0.07250739504731277,speech
611040,611520,38.19,0.09687754408150126,speech
611520,612000,38.22,0.18467329906402577,speech
612000,612480,38.25,0.1856624099472436,speech
612480,612960,38.28,0.17765688264114907,speech
612960,613440,38.31,0.11737557109082646,speech
613440,613920,38.34,0.11718245819955038,speech
613920,614400,38.37,0.105637057871521,speech
614400,614880,38.4,0.07374812593933368,speech
614880,615360,38.43,0.1221277140522145,speech
615360,615840,38.46,0.25118901021477963,speech
615840,616320,38.49,0.20946988940912542,speech
616320,616800,38.52,0.14838820301446068,speech
616800,617280,38.55,0.10621302965986018,speech
617280,617760,38.58,0.0447278263739085,silence
617760,618240,38.61,0.042973294004303816,silence
618240,618720,38.64,0.04380285606642217,silence
618720,619200,38.67,0.09248162470992735,speech
619200,619680,38.7,0.11490066413469342,speech
619680,620160,38.73,0.09298012569572184,speech
620160,620640,38.76,0.04413536915303367,silence
620640,621120,38.79,0.055251532433179276,speech
621120,621600,38.82,0.08212842777899423,speech
621600,622080,38.85,0.08887933202262029,speech
622080,622560,38.88,0.1307207482700531,speech
622560,623040,38.91,0.1225081880849131,speech
623040,623520,38.94,0.1139775337270154,speech
623520,624000,38.97,0.09568137719350019,speech
624000,624480,39.0,0.17344533247980368,speech
624480,624960,39.03,0.19397492007686293,speech
624960,625440,39.06,0.094515485619423,speech
625440,625920,39.09,0.06129386517812656,speech
625920,626400,39.12,0.0530500181622112,speech
626400,626880,39.15,0.045197670342948464,silence
626880,627360,39.18,0.04672996550054273,silence
627360,627840,39.21,0.10602770090660495,speech
627840,628320,39.24,0.08546778510114274,speech
628320,628800,39.27,0.056168266747749745,speech
628800,629280,39.3,0.042773145944292615,silence
629280,629760,39.33,0.043237135011938495,silence
629760,630240,39.36,0.045750300339558604,silence
630240,630720,39.39,0.04150476178989122,silence
630720,631200,39.42,0.042351606078189385,silence
631200,631680,39.45,0.050387504222866426,speech
631680,632160,39.48,0.0472565363430941,silence
632160,632640,39.51,0.04118847123495962,silence
632640,633120,39.54,0.043297248692507666,silence
633120,633600,39.57,0.04565208420346902,silence
633600,634080,39.6,0.043261087631325156,silence
634080,634560,39.63,0.03672325813826954,silence
634560,635040,39.66,0.0,silence
635040,635520,39.69,0.0,silence
635520,636000,39.72,0.0,silence
636000,636480,39.75,0.0,silence
636480,636960,39.78,0.0,silence
636960,637440,39.81,0.0,silence
637440,637920,39.84,0.0,silence
637920,638400,39.87,0.0,silence
638400,638880,39.9,0.0,silence
638880,639360,39.93,0.0,silence
639360,639840,39.96,0.0,silence
639840,640320,39.99,0.0,silence
640320,640800,40.02,0.0,silence
640800,641280,40.05,0.0,silence
641280,641760,40.08,0.0,silence
641760,642240,40.11,0.0,silence
642240,642720,40.14,0.0,silence
642720,643200,40.17,0.0,silence
643200,643680,40.2,0.0,silence
643680,644160,40.23,0.0,silence
644160,644640,40.26,0.0,silence
644640,645120,40.29,0.0,silence
645120,645600,40.32,0.0,silence
645600,646080,40.35,0.0,silence
646080,646560,40.38,0.0,silence
646560,647040,40.41,0.0,silence
647040,647520,40.44,0.0,silence
647520,648000,40.47,0.0,silence
648000,648480,40.5,0.0,silence
648480,648960,40.53,0.0,silence
648960,649440,40.56,0.0,silence
649440,649920,40.59,0.0,silence
649920,650400,40.62,0.0,silence
650400,650880,40.65,0.0,silence
650880,651360,40.68,0.0,silence
651360,651840,40.71,0.0,silence
651840,652320,40.74,0.0,silence
652320,652800,40.77,0.0,silence
652800,653280,40.8,0.0,silence
653280,653760,40.83,0.0,silence
653760,654240,40.86,0.0,silence
654240,654720,40.89,0.0,silence
654720,655200,40.92,0.0,silence
655200,655680,40.95,0.0,silence
655680,656160,40.98,0.0,silence
656160,656640,41.01,0.0,silence
656640,657120,41.04,0.0,silence
657120,657600,41.07,0.0,silence
657600,658080,41.1,0.0,silence
658080,658560,41.13,0.0,silence
658560,659040,41.16,0.0,silence
659040,659520,41.19,0.0,silence
659520,660000,41.22,0.0,silence
660000,660480,41.25,0.0,silence
660480,660960,41.28,0.0,silence
660960,661440,41.31,0.0,silence
661440,661920,41.34,0.0,silence
661920,662400,41.37,0.0,silence
662400,662880,41.4,0.0,silence
662880,663360,41.43,0.0,silence
663360,663840,41.46,0.0,silence
663840,664320,41.49,0.0,silence
664320,664800,41.52,0.0,silence
664800,665280,41.55,0.0,silence
665280,665760,41.58,0.0,silence
665760,666240,41.61,0.0,silence
666240,666720,41.64,0.0,silence
666720,667200,41.67,0.0,silence
667200,667680,41.7,0.0,silence
667680,668160,41.73,0.0,silence
668160,668640,41.76,0.0,silence
668640,669120,41.79,0.0,silence
669120,669600,41.82,0.0,silence
669600,670080,41.85,0.0,silence
670080,670560,41.88,0.0,silence
670560,671040,41.91,0.0,silence
671040,671520,41.94,0.0,silence
671520,672000,41.97,0.0,silence
672000,672480,42.0,0.0,silence
672480,672960,42.03,0.0,silence
672960,673440,42.06,0.0,silence
673440,673920,42.09,0.0,silence
673920,674400,42.12,0.0,silence
674400,674880,42.15,0.0,silence
674880,675360,42.18,0.0,silence
675360,675840,42.21,0.0,silence
675840,676320,42.24,0.0,silence
676320,676800,42.27,0.0,silence
676800,677280,42.3,0.0,silence
677280,677760,42.33,0.0,silence
677760,678240,42.36,0.0,silence
678240,678720,42.39,0.0,silence
678720,679200,42.42,0.0,silence
679200,679680,42.45,0.0,silence
679680,680160,42.48,0.0,silence
680160,680640,42.51,0.0,silence
680640,681120,42.54,0.0,silence
681120,681600,42.57,0.0,silence
681600,682080,42.6,0.0,silence
682080,682560,42.63,0.0,silence
682560,683040,42.66,0.0,silence
683040,683520,42.69,0.0,silence
683520,684000,42.72,0.0,silence
684000,684480,42.75,0.0,silence
684480,684960,42.78,0.0,silence
684960,685440,42.81,0.0,silence
685440,685920,42.84,0.0,silence
685920,686400,42.87,0.0,silence
686400,686880,42.9,0.0,silence
686880,687360,42.93,0.0,silence
687360,687840,42.96,0.0,silence
687840,688320,42.99,0.0,silence
688320,688800,43.02,0.0,silence
688800,689280,43.05,0.0,silence
689280,689760,43.08,0.0,silence
689760,690240,43.11,0.0,silence
690240,690720,43.14,0.0,silence
690720,691200,43.17,0.0,silence
691200,691680,43.2,0.0,silence
691680,692160,43.23,0.0,silence
692160,692640,43.26,0.0,silence
692640,693120,43.29,0.0,silence
693120,693600,43.32,0.0,silence
693600,694080,43.35,0.0,silence
694080,694560,43.38,0.0,silence
694560,695040,43.41,0.0,silence
695040,695520,43.44,0.0,silence
695520,696000,43.47,0.0,silence
696000,696480,43.5,0.0,silence
696480,696960,43.53,0.0,silence
696960,697440,43.56,0.0,silence
697440,697920,43.59,0.0,silence
697920,698400,43.62,0.0,silence
698400,698880,43.65,0.0,silence
698880,699360,43.68,0.0,silence
699360,699840,43.71,0.0,silence
699840,700320,43.74,0.0,silence
700320,700800,43.77,0.0,silence
700800,701280,43.8,0.0,silence
701280,701760,43.83,0.0,silence
701760,702240,43.86,0.0,silence
702240,702720,43.89,0.0,silence
702720,703200,43.92,0.0,silence
703200,703680,43.95,0.0,silence
703680,704160,43.98,0.0,silence
704160,704640,44.01,0.0,silence
704640,705120,44.04,0.0,silence
705120,705600,44.07,0.0,silence
705600,706080,44.1,0.0,silence
706080,706560,44.13,0.0,silence
706560,707040,44.16,0.0,silence
707040,707520,44.19,0.0,silence
707520,708000,44.22,0.0,silence
708000,708480,44.25,0.0,silence
708480,708960,44.28,0.0,silence
708960,709440,44.31,0.0,silence
709440,709920,44.34,0.0,silence
709920,710400,44.37,0.0,silence
710400,710880,44.4,0.0,silence
710880,711360,44.43,0.0,silence
711360,711840,44.46,0.0,silence
711840,712320,44.49,0.0,silence
712320,712800,44.52,0.0,silence
712800,713280,44.55,0.0,silence
713280,713760,44.58,0.0,silence
713760,714240,44.61,0.0,silence
714240,714400,44.64,0.0,silence
